x,y,z
13,9782,2654
13,9786,2653
13,9784,2654
13,9781,2654
13,9784,2653
13,9783,2652
13,9783,2653
13,9784,2655
13,9785,2652
13,9785,2653
13,9782,2653
13,9783,2655
13,9786,2654
13,9781,2655
13,9781,2653
13,9783,2654
13,9785,2655
13,9784,2652
13,9782,2655
13,9781,2652
13,9786,2655
13,9785,2654
13,9782,2652
13,9786,2652
1,2,0
1,1,0
1,2,1
1,3,1
1,3,0
1,0,1
1,0,0
1,1,1
2,4,1
2,4,0
2,5,1
2,5,0
2,3,2
2,4,2
2,3,1
2,6,0
2,6,1
2,2,2
2,5,3
2,6,3
3,9,2
2,3,0
2,4,3
2,7,1
2,2,1
2,6,2
2,7,0
2,7,2
2,3,3
2,7,3
2,2,0
2,5,2
3,9,3
3,8,3
2,2,3
3,10,2
3,8,2
4,19,5
3,9,1
3,10,3
4,18,5
3,11,3
3,11,2
3,10,1
4,19,4
3,8,1
3,11,1
4,18,4
3,7,2
3,12,3
3,10,4
3,7,1
3,11,4
3,9,4
3,12,2
3,8,4
3,12,1
5,38,10
3,7,3
4,19,6
3,12,4
3,7,4
4,17,5
5,39,10
4,17,7
4,20,7
4,20,5
4,16,5
4,18,6
5,38,11
5,39,11
4,21,5
4,16,6
4,17,4
4,16,7
4,19,7
5,37,11
4,20,4
6,76,21
6,76,20
4,16,4
5,36,11
4,18,7
5,36,10
4,21,4
5,39,9
5,37,9
5,38,9
4,17,6
4,20,6
5,36,9
5,37,10
4,21,7
6,77,20
5,38,12
6,77,21
5,39,12
5,37,12
4,21,6
5,40,11
5,36,12
5,40,12
5,40,10
7,152,42
6,75,20
5,41,11
7,153,40
6,77,19
5,41,9
7,153,41
6,77,22
6,75,21
5,41,10
6,78,20
6,79,20
7,152,40
7,153,42
7,152,41
6,75,22
5,40,9
6,78,19
6,79,22
5,41,12
6,78,21
6,78,22
6,74,22
6,76,22
6,76,19
6,74,21
6,79,21
7,154,42
6,75,19
6,74,20
6,79,19
7,154,39
7,155,40
6,74,19
7,151,40
7,151,39
6,78,20
7,151,41
7,156,40
7,151,42
7,152,43
7,153,43
7,156,42
7,155,41
7,154,40
7,154,43
7,152,39
7,156,41
7,155,39
7,153,39
7,156,39
7,154,41
7,150,42
7,151,43
7,150,43
7,155,42
7,150,39
7,155,43
7,150,40
7,150,41
8,307,85
8,304,85
8,307,86
8,304,86
8,307,84
8,304,84
8,306,84
8,305,84
7,150,44
7,153,44
8,306,86
7,152,44
8,305,86
7,151,44
7,154,44
7,155,44
8,306,85
8,303,85
8,305,85
8,303,86
8,306,87
8,303,87
8,308,84
8,308,85
8,303,84
8,308,86
8,307,87
8,308,87
8,305,87
8,304,87
8,307,83
8,304,83
8,306,83
8,305,83
8,308,83
8,303,83
8,304,82
8,307,82
8,305,82
8,308,82
8,306,82
8,303,82
8,304,81
8,309,85
8,307,81
8,305,81
8,309,83
8,308,81
8,309,84
8,306,81
8,309,82
8,309,81
8,304,80
8,305,80
8,307,80
8,306,80
8,308,80
8,309,80
8,307,79
8,304,79
8,306,79
8,305,79
8,308,79
8,309,79
8,310,80
8,310,79
8,310,81
8,310,82
9,614,164
9,614,163
9,615,163
9,615,162
9,611,161
9,615,164
9,615,161
9,613,163
9,613,162
9,612,163
9,614,162
9,613,164
9,613,161
9,611,162
9,612,161
9,612,162
9,612,164
9,614,161
9,611,163
9,611,164
9,616,164
9,616,162
9,616,163
9,616,161
9,611,160
9,615,160
9,612,160
9,614,160
9,613,160
9,616,160
9,612,159
9,613,159
9,615,159
9,614,159
9,611,159
9,616,159
9,610,160
9,610,161
9,610,162
9,610,163
9,610,164
9,614,165
9,615,165
9,610,165
9,612,165
9,611,165
9,613,165
9,614,166
9,615,166
9,612,166
9,610,166
9,611,166
9,613,166
9,614,167
9,615,167
9,610,167
9,611,167
9,613,167
9,609,164
9,609,165
9,612,167
9,609,166
9,614,168
9,609,167
9,613,168
9,609,168
9,610,168
9,612,168
9,611,168
9,613,169
9,614,169
9,609,169
9,610,169
9,611,169
9,612,169
9,613,170
9,614,170
9,609,170
9,611,170
9,612,170
9,610,170
9,609,171
9,613,171
9,614,171
9,610,171
9,612,171
9,609,172
9,613,172
9,614,172
9,612,172
9,611,171
9,610,172
9,611,172
9,610,173
9,609,173
9,613,173
9,611,173
9,612,173
9,614,173
9,608,169
9,608,170
9,608,171
9,608,172
9,608,168
9,608,167
9,608,166
9,608,165
9,613,165
9,613,164
10,1223,332
10,1222,332
10,1223,331
10,1220,330
10,1222,331
10,1223,333
10,1222,333
10,1224,332
10,1221,332
10,1224,331
10,1223,330
10,1222,330
10,1224,333
10,1221,333
10,1220,331
10,1221,331
10,1225,331
10,1225,330
10,1221,330
10,1225,333
10,1224,330
10,1220,333
10,1220,332
10,1225,332
10,1226,330
10,1226,331
10,1226,332
10,1226,333
10,1221,329
10,1222,329
10,1223,329
10,1224,329
10,1225,329
10,1226,329
10,1221,328
10,1222,328
10,1223,328
10,1224,328
10,1225,328
10,1226,328
10,1221,327
10,1222,327
10,1224,327
10,1225,327
10,1223,327
10,1226,327
10,1227,327
10,1227,329
10,1227,328
10,1227,330
10,1222,326
10,1227,326
10,1225,326
10,1224,326
10,1226,326
10,1223,326
10,1222,325
10,1222,324
10,1223,324
10,1226,325
10,1223,325
10,1227,324
10,1225,325
10,1227,325
10,1225,324
10,1224,325
10,1226,324
10,1224,324
10,1223,323
10,1228,326
10,1228,324
10,1228,325
10,1228,323
10,1227,323
10,1224,323
10,1225,323
10,1226,323
10,1223,322
10,1224,322
10,1228,322
10,1226,322
10,1227,322
10,1225,322
10,1223,321
10,1224,321
10,1225,321
10,1228,321
10,1226,321
10,1227,321
10,1224,320
10,1229,321
10,1225,320
10,1226,320
10,1228,320
10,1227,320
10,1229,320
10,1229,322
10,1229,323
10,1229,324
10,1230,320
10,1230,321
10,1230,323
10,1230,322
10,1231,324
10,1230,324
10,1231,321
10,1231,323
10,1231,322
10,1230,325
10,1229,324
10,1231,325
10,1229,325
10,1230,326
10,1231,326
10,1229,326
10,1226,326
10,1229,327
10,1230,327
10,1228,327
10,1231,327
10,1226,327
10,1227,327
10,1229,328
10,1230,328
10,1231,328
10,1228,328
10,1226,328
10,1227,328
10,1228,329
10,1229,329
10,1230,329
10,1231,329
10,1226,329
10,1227,329
10,1228,330
10,1229,330
10,1230,330
10,1225,326
10,1225,327
10,1225,328
10,1225,329
10,1225,330
10,1226,330
10,1227,330
10,1228,331
10,1229,331
10,1230,331
10,1225,331
10,1226,331
10,1227,331
10,1228,332
10,1229,332
10,1230,332
10,1226,332
10,1227,332
10,1228,333
10,1229,333
10,1230,333
10,1225,333
10,1226,333
10,1227,333
10,1228,334
10,1229,334
10,1230,334
10,1227,334
10,1225,334
10,1226,334
10,1228,335
10,1229,335
10,1227,335
10,1224,335
10,1224,331
10,1228,336
10,1224,332
10,1227,336
10,1224,333
10,1224,334
10,1229,336
10,1225,335
10,1226,335
10,1225,336
10,1224,336
10,1226,336
10,1227,337
10,1228,337
10,1229,337
10,1226,337
10,1224,337
10,1226,338
10,1227,338
10,1228,338
10,1229,338
10,1225,337
10,1224,338
10,1225,338
10,1226,339
10,1228,339
10,1227,339
10,1226,340
10,1224,339
10,1225,339
10,1227,340
10,1228,340
10,1223,339
10,1223,337
10,1223,338
10,1223,336
10,1223,340
10,1224,340
10,1225,340
10,1226,341
10,1227,341
10,1228,341
10,1225,341
10,1223,341
10,1224,341
10,1226,342
10,1227,342
10,1225,342
10,1225,343
10,1226,343
10,1227,343
10,1222,342
10,1222,339
10,1222,340
10,1222,341
10,1223,342
10,1224,342
10,1222,343
10,1223,343
10,1224,343
10,1225,344
10,1226,344
10,1227,344
10,1222,344
10,1224,344
10,1223,344
10,1224,345
10,1225,345
10,1226,345
10,1222,345
10,1223,345
10,1221,345
10,1221,342
10,1221,343
10,1221,344
10,1221,346
10,1225,346
10,1220,345
10,1220,344
10,1220,343
10,1226,346
10,1222,346
10,1226,347
10,1223,343
10,1224,343
10,1225,347
10,1220,346
10,1223,347
10,1224,346
10,1224,347
11,2446,691
10,1222,347
11,2445,689
11,2444,690
11,2447,691
11,2445,691
11,2448,690
11,2444,689
11,2444,691
11,2448,691
11,2445,688
11,2443,691
11,2445,690
11,2446,690
11,2446,689
10,1221,347
11,2444,688
11,2446,688
11,2447,690
10,1223,346
11,2447,689
11,2443,690
11,2448,689
11,2448,688
11,2447,688
11,2443,689
11,2443,688
11,2445,692
11,2448,692
11,2444,692
11,2446,692
11,2442,691
11,2441,690
11,2441,691
11,2443,692
11,2441,689
11,2447,692
11,2442,690
11,2441,688
11,2446,688
11,2447,688
11,2442,688
11,2442,689
11,2441,687
11,2442,687
11,2444,687
11,2443,687
11,2445,687
11,2446,687
11,2440,686
11,2440,687
11,2440,688
11,2440,689
11,2442,686
11,2444,686
11,2441,686
11,2443,686
11,2445,686
11,2446,686
11,2446,685
11,2442,685
11,2443,685
11,2444,685
11,2441,685
11,2445,685
11,2446,687
11,2446,688
11,2442,684
11,2444,684
11,2445,684
11,2446,684
11,2443,684
11,2441,684
11,2440,685
11,2440,684
11,2444,683
11,2445,683
11,2442,683
11,2443,683
11,2441,683
11,2440,683
11,2444,682
11,2443,682
11,2445,682
11,2442,682
11,2440,682
11,2441,682
11,2439,683
11,2439,684
11,2439,685
11,2439,682
11,2444,681
11,2439,681
11,2443,681
11,2440,681
11,2441,681
11,2442,681
11,2439,680
11,2440,680
11,2441,680
11,2442,680
11,2443,680
11,2444,680
11,2439,679
11,2440,679
11,2441,679
11,2443,679
11,2444,679
11,2442,679
11,2439,678
11,2440,678
11,2441,678
11,2442,678
11,2443,678
11,2444,678
11,2438,680
11,2438,678
11,2438,679
11,2438,677
11,2439,677
11,2440,677
11,2441,677
11,2442,677
11,2443,677
11,2438,676
11,2439,676
11,2440,676
11,2441,676
11,2442,676
11,2443,676
11,2439,675
11,2438,675
11,2440,675
11,2441,675
11,2442,675
11,2443,675
11,2438,674
11,2439,674
11,2440,674
11,2441,674
11,2442,674
11,2443,674
11,2438,673
11,2439,673
11,2440,673
11,2441,673
11,2442,673
11,2443,673
11,2438,672
11,2440,672
11,2441,672
11,2442,672
11,2443,672
11,2439,672
11,2437,672
11,2437,673
11,2437,674
11,2437,671
11,2438,671
11,2439,671
11,2440,671
11,2436,674
11,2441,671
11,2436,671
11,2436,672
11,2436,673
11,2439,670
11,2440,670
11,2441,670
11,2436,670
11,2437,670
11,2438,670
11,2440,669
11,2437,669
11,2436,669
11,2441,669
11,2439,669
11,2438,669
11,2435,671
11,2435,670
11,2435,668
11,2435,669
11,2440,668
11,2436,668
11,2437,668
11,2438,668
11,2439,668
11,2435,667
11,2436,667
11,2437,667
11,2440,667
11,2441,668
11,2441,669
11,2439,667
11,2441,667
11,2438,667
11,2437,666
11,2442,669
11,2442,666
11,2442,667
11,2438,666
11,2442,668
11,2441,666
11,2440,666
11,2439,666
11,2443,669
11,2444,669
11,2443,666
11,2443,667
11,2443,668
11,2444,666
11,2444,667
11,2444,668
11,2445,668
11,2445,667
11,2445,666
11,2445,669
11,2446,666
11,2446,667
11,2446,668
11,2446,669
11,2447,668
11,2447,669
11,2448,666
11,2448,667
11,2448,668
11,2448,669
11,2447,667
11,2447,666
11,2449,666
11,2449,667
11,2449,668
11,2449,669
11,2450,666
11,2450,667
11,2450,668
11,2450,669
11,2451,666
11,2451,667
11,2451,668
11,2452,666
11,2451,669
11,2452,667
11,2452,668
11,2452,669
11,2453,666
11,2453,667
11,2453,668
11,2453,669
11,2455,667
11,2455,668
11,2455,669
11,2455,666
11,2454,667
11,2454,666
11,2454,669
11,2454,668
11,2456,666
11,2456,667
11,2456,668
11,2456,669
11,2457,666
11,2457,667
11,2457,668
11,2457,669
11,2455,670
11,2456,670
11,2457,670
11,2452,670
11,2453,670
11,2454,670
11,2455,671
11,2456,671
11,2457,671
11,2455,672
11,2456,672
11,2457,672
11,2454,672
11,2454,671
11,2452,672
11,2453,672
11,2452,671
11,2453,671
11,2454,673
11,2455,673
11,2456,673
11,2453,673
11,2452,673
12,4909,1344
11,2451,673
11,2451,671
11,2451,670
11,2451,672
12,4909,1343
12,4909,1345
12,4910,1343
12,4910,1342
12,4910,1344
12,4910,1345
12,4908,1345
12,4909,1342
12,4908,1344
12,4907,1344
12,4908,1342
12,4907,1343
12,4908,1343
12,4907,1342
12,4907,1345
12,4906,1343
12,4906,1342
12,4906,1344
12,4905,1343
12,4906,1345
12,4905,1342
12,4905,1344
12,4905,1345
13,9818,2687
13,9818,2688
13,9818,2686
13,9817,2688
13,9814,2686
13,9815,2688
13,9815,2687
13,9814,2687
13,9815,2686
13,9815,2685
13,9816,2687
13,9816,2686
13,9818,2685
13,9817,2685
13,9816,2688
13,9817,2687
13,9813,2687
13,9816,2685
13,9813,2686
13,9817,2686
13,9813,2688
13,9813,2685
13,9814,2685
13,9814,2688
12,4907,1345
12,4905,1343
12,4906,1345
12,4905,1342
12,4905,1344
12,4905,1345
12,4908,1342
12,4907,1344
12,4907,1343
12,4908,1343
12,4907,1342
12,4906,1343
12,4906,1342
12,4906,1344
12,4908,1346
12,4909,1346
12,4904,1342
12,4904,1343
12,4904,1344
12,4904,1345
12,4904,1346
12,4906,1346
12,4907,1346
12,4905,1346
12,4908,1347
12,4907,1347
12,4903,1343
12,4903,1344
12,4903,1345
12,4903,1346
12,4903,1347
12,4904,1347
12,4905,1347
12,4906,1347
12,4902,1346
12,4902,1344
12,4902,1345
12,4902,1347
12,4901,1347
12,4901,1345
12,4901,1344
12,4901,1346
12,4903,1343
12,4901,1343
12,4902,1343
12,4904,1343
12,4905,1343
12,4900,1343
12,4900,1344
12,4900,1345
12,4900,1346
12,4899,1344
12,4899,1343
12,4899,1345
12,4899,1346
12,4898,1343
12,4903,1342
12,4898,1344
12,4900,1342
12,4898,1342
12,4901,1342
12,4899,1342
12,4898,1345
12,4902,1342
12,4898,1341
12,4899,1341
12,4900,1341
12,4901,1341
12,4902,1341
12,4903,1341
12,4899,1340
12,4898,1340
12,4902,1340
12,4903,1340
12,4900,1340
12,4901,1340
12,4902,1339
12,4903,1339
12,4898,1339
12,4901,1339
12,4899,1339
12,4900,1339
12,4898,1338
12,4899,1338
12,4900,1338
12,4901,1338
12,4902,1338
12,4903,1338
12,4901,1337
12,4902,1337
12,4898,1337
12,4899,1337
12,4900,1337
12,4903,1337
12,4903,1336
12,4902,1336
12,4898,1336
12,4900,1336
12,4901,1336
12,4899,1336
12,4903,1335
12,4901,1335
12,4902,1335
12,4898,1335
12,4899,1335
12,4900,1335
12,4902,1334
12,4900,1334
12,4901,1334
12,4903,1334
12,4899,1334
12,4898,1334
12,4902,1333
12,4903,1333
12,4898,1333
12,4899,1333
12,4901,1333
12,4900,1333
12,4902,1331
12,4898,1332
12,4899,1332
12,4902,1332
12,4901,1332
12,4899,1331
12,4901,1331
12,4898,1331
12,4903,1332
12,4903,1331
12,4900,1332
12,4900,1331
12,4902,1330
12,4903,1330
12,4902,1329
12,4898,1330
12,4903,1329
12,4899,1330
12,4901,1330
12,4898,1329
12,4899,1329
12,4900,1329
12,4901,1329
12,4900,1330
12,4902,1328
12,4903,1328
12,4898,1328
12,4899,1328
12,4900,1328
12,4901,1328
12,4903,1327
12,4898,1327
12,4899,1327
12,4901,1327
12,4902,1327
12,4900,1327
12,4903,1326
12,4898,1326
12,4899,1326
12,4900,1326
12,4902,1326
12,4901,1326
12,4899,1325
12,4900,1325
12,4902,1325
12,4903,1325
12,4901,1325
12,4898,1325
12,4898,1324
12,4899,1324
12,4900,1324
12,4903,1324
12,4901,1324
12,4902,1324
12,4899,1323
12,4900,1323
12,4901,1323
12,4902,1323
12,4903,1323
12,4898,1323
12,4898,1322
12,4899,1322
12,4900,1322
12,4902,1322
12,4901,1322
12,4903,1322
12,4898,1321
12,4899,1321
12,4900,1321
12,4901,1321
12,4902,1321
12,4903,1321
12,4899,1320
12,4900,1320
12,4901,1320
12,4902,1320
12,4903,1320
12,4898,1319
12,4899,1319
12,4900,1319
12,4898,1320
12,4901,1319
12,4902,1319
12,4903,1319
12,4901,1318
12,4899,1318
12,4900,1318
12,4902,1318
12,4903,1318
12,4898,1318
12,4901,1317
12,4902,1317
12,4900,1317
12,4903,1317
12,4898,1317
12,4899,1317
12,4902,1316
12,4901,1316
12,4899,1316
12,4903,1316
12,4900,1316
12,4898,1316
12,4903,1315
12,4898,1315
12,4899,1315
12,4900,1315
12,4901,1315
12,4902,1315
12,4903,1314
12,4898,1314
12,4900,1314
12,4901,1314
12,4902,1314
12,4899,1314
12,4903,1313
12,4898,1313
12,4899,1313
12,4901,1313
12,4902,1313
12,4898,1312
12,4900,1313
12,4902,1312
12,4903,1312
12,4899,1312
12,4900,1312
12,4901,1312
12,4898,1311
12,4899,1311
12,4900,1311
12,4901,1311
12,4902,1311
12,4903,1311
12,4901,1310
12,4902,1310
12,4903,1310
12,4898,1310
12,4901,1309
12,4899,1310
12,4902,1309
12,4900,1310
12,4903,1309
12,4898,1309
12,4900,1309
12,4899,1309
12,4899,1308
12,4900,1308
12,4901,1308
12,4902,1308
12,4903,1308
12,4898,1308
12,4898,1307
12,4899,1307
12,4900,1307
12,4901,1307
12,4902,1307
12,4903,1307
12,4898,1306
12,4899,1306
12,4900,1306
12,4901,1306
12,4902,1306
12,4903,1306
12,4904,1307
12,4904,1306
12,4904,1308
12,4904,1309
12,4899,1305
12,4900,1305
12,4901,1305
12,4902,1305
12,4903,1305
12,4898,1305
12,4898,1307
12,4898,1306
12,4898,1304
12,4899,1304
12,4900,1304
12,4903,1304
12,4901,1304
12,4902,1304
12,4898,1303
12,4899,1303
12,4901,1303
12,4903,1303
12,4902,1303
12,4900,1303
12,4902,1302
12,4900,1302
12,4901,1302
12,4899,1301
12,4903,1302
12,4898,1301
12,4898,1302
12,4900,1301
12,4901,1301
12,4902,1301
12,4903,1301
12,4899,1302
12,4898,1300
12,4900,1300
12,4901,1300
12,4902,1300
12,4903,1300
12,4900,1299
12,4899,1300
12,4902,1299
12,4898,1299
12,4899,1299
12,4901,1299
12,4903,1299
12,4904,1300
12,4899,1298
12,4898,1298
12,4900,1298
12,4901,1298
12,4904,1298
12,4902,1298
12,4903,1298
12,4904,1299
12,4904,1297
12,4899,1297
12,4900,1297
12,4901,1297
12,4902,1297
12,4903,1297
12,4902,1296
12,4903,1296
12,4898,1298
12,4898,1297
12,4898,1299
12,4898,1296
12,4899,1296
12,4900,1296
12,4901,1296
12,4898,1295
12,4899,1295
12,4900,1295
12,4901,1295
12,4902,1295
12,4903,1295
12,4899,1294
12,4898,1294
12,4901,1294
12,4900,1294
12,4903,1294
12,4902,1294
12,4898,1293
12,4900,1293
12,4899,1293
12,4901,1293
12,4902,1293
12,4903,1293
12,4903,1292
12,4902,1292
12,4900,1292
12,4898,1292
12,4899,1292
12,4901,1292
12,4903,1291
12,4898,1291
12,4899,1291
12,4900,1291
12,4901,1291
12,4902,1291
12,4901,1289
12,4900,1289
12,4902,1289
12,4903,1289
12,4901,1290
12,4902,1290
12,4903,1290
12,4898,1289
12,4898,1290
12,4899,1290
12,4900,1290
12,4899,1289
12,4898,1287
12,4898,1288
12,4899,1287
12,4899,1288
12,4901,1288
12,4903,1288
12,4901,1287
12,4902,1287
12,4900,1288
12,4903,1287
12,4902,1288
12,4900,1287
12,4898,1286
12,4899,1286
12,4898,1285
12,4899,1285
12,4900,1285
12,4901,1285
12,4900,1286
12,4901,1286
12,4902,1286
12,4903,1286
12,4902,1285
12,4903,1285
12,4899,1284
12,4900,1284
12,4901,1284
12,4902,1284
12,4903,1284
12,4904,1284
12,4904,1285
12,4904,1287
12,4904,1288
12,4904,1286
12,4905,1284
12,4905,1287
12,4905,1286
12,4905,1285
12,4906,1287
12,4906,1284
12,4906,1286
12,4906,1285
12,4907,1284
12,4907,1285
12,4907,1286
12,4907,1287
12,4908,1284
12,4908,1286
12,4908,1287
12,4908,1285
13,9812,2570
13,9812,2571
13,9811,2571
13,9811,2569
13,9810,2570
13,9812,2569
13,9811,2570
13,9813,2570
13,9810,2571
13,9809,2569
13,9810,2569
13,9813,2569
13,9811,2572
13,9809,2570
13,9814,2572
13,9812,2572
13,9814,2571
13,9813,2571
13,9814,2570
13,9813,2572
13,9814,2569
13,9809,2571
13,9809,2572
13,9810,2572
13,9815,2571
13,9815,2570
13,9815,2569
13,9815,2572
13,9816,2569
13,9816,2571
13,9816,2572
13,9817,2569
13,9817,2570
13,9816,2570
13,9817,2571
13,9817,2572
13,9812,2573
13,9813,2573
13,9814,2573
13,9815,2573
13,9816,2573
13,9811,2573
13,9817,2571
13,9811,2572
13,9811,2570
13,9811,2571
13,9817,2573
13,9817,2574
13,9817,2571
13,9813,2574
13,9817,2572
13,9816,2574
13,9812,2574
13,9815,2574
13,9814,2574
13,9812,2575
13,9813,2575
13,9814,2575
13,9815,2575
13,9816,2575
13,9817,2575
13,9811,2576
13,9811,2572
13,9813,2576
13,9812,2576
13,9811,2573
13,9811,2574
13,9811,2575
13,9814,2576
13,9815,2576
13,9816,2576
13,9816,2577
13,9815,2577
13,9814,2577
13,9813,2577
13,9811,2577
13,9812,2577
13,9811,2578
13,9812,2578
13,9813,2578
13,9815,2578
13,9814,2578
13,9816,2578
13,9812,2579
13,9811,2579
13,9814,2579
13,9813,2579
13,9815,2579
13,9816,2579
13,9811,2580
13,9816,2580
13,9812,2580
13,9814,2580
13,9813,2580
13,9815,2580
13,9812,2581
13,9811,2581
13,9813,2581
13,9814,2581
13,9816,2581
13,9815,2581
13,9811,2582
13,9812,2582
13,9813,2582
13,9814,2582
13,9815,2582
13,9816,2582
13,9811,2583
13,9812,2583
13,9813,2583
13,9815,2583
13,9816,2583
13,9814,2583
13,9812,2584
13,9814,2584
13,9815,2584
13,9816,2584
13,9813,2584
13,9811,2584
13,9812,2585
13,9813,2585
13,9811,2585
13,9815,2585
13,9816,2585
13,9814,2585
13,9810,2586
13,9810,2583
13,9810,2584
13,9811,2586
13,9810,2585
13,9812,2586
13,9813,2586
13,9814,2586
13,9815,2586
13,9810,2587
13,9811,2587
13,9812,2587
13,9813,2587
13,9815,2587
13,9814,2587
13,9812,2588
13,9813,2588
13,9811,2588
13,9814,2588
13,9815,2588
13,9812,2589
13,9811,2589
13,9813,2589
13,9814,2589
13,9815,2589
13,9810,2588
13,9810,2589
13,9815,2590
13,9812,2590
13,9813,2590
13,9814,2590
13,9810,2590
13,9811,2590
13,9809,2587
13,9809,2588
13,9809,2589
13,9808,2589
13,9809,2586
13,9810,2586
13,9812,2586
13,9808,2587
13,9808,2588
13,9808,2586
13,9807,2586
13,9807,2587
13,9806,2586
13,9807,2588
13,9807,2585
13,9808,2585
13,9809,2585
13,9810,2585
13,9806,2585
13,9806,2587
13,9806,2588
13,9805,2586
13,9807,2584
13,9809,2584
13,9805,2587
13,9805,2585
13,9805,2584
13,9806,2584
13,9808,2584
13,9804,2585
13,9804,2586
13,9804,2584
13,9804,2587
13,9803,2586
13,9806,2583
13,9805,2583
13,9807,2583
13,9802,2583
13,9802,2584
13,9802,2585
13,9803,2585
13,9803,2584
13,9802,2582
13,9803,2582
13,9804,2582
13,9804,2583
13,9803,2583
13,9805,2582
13,9806,2582
13,9808,2583
13,9807,2582
13,9801,2582
13,9801,2583
13,9801,2584
13,9803,2581
13,9805,2581
13,9804,2581
13,9800,2582
13,9800,2583
13,9800,2584
13,9802,2581
13,9801,2581
13,9800,2581
13,9806,2581
13,9806,2582
13,9806,2583
13,9806,2580
13,9802,2580
13,9803,2580
13,9804,2580
13,9805,2580
13,9801,2580
13,9801,2579
13,9805,2579
13,9804,2579
13,9806,2579
13,9802,2579
13,9803,2579
13,9801,2578
13,9802,2578
13,9805,2578
13,9806,2578
13,9803,2578
13,9804,2578
13,9801,2577
13,9802,2577
13,9803,2577
13,9804,2577
13,9805,2577
13,9806,2577
13,9801,2576
13,9802,2576
13,9803,2576
13,9804,2576
13,9805,2576
13,9806,2576
13,9802,2575
13,9805,2575
13,9804,2575
13,9806,2575
13,9803,2575
13,9801,2575
13,9801,2574
13,9802,2574
13,9804,2574
13,9803,2574
13,9805,2574
13,9806,2574
13,9803,2573
13,9805,2573
13,9806,2573
13,9801,2573
13,9802,2573
13,9804,2573
14,19607,5147
14,19606,5148
14,19605,5148
14,19607,5149
14,19606,5147
14,19605,5149
14,19606,5149
14,19604,5148
14,19607,5148
14,19605,5147
14,19605,5150
14,19608,5149
14,19606,5150
14,19603,5147
14,19604,5147
14,19608,5148
14,19608,5147
14,19604,5149
14,19603,5148
14,19608,5150
14,19604,5150
14,19603,5149
14,19607,5150
14,19603,5150
14,19603,5146
14,19604,5146
14,19605,5146
14,19606,5146
14,19609,5147
14,19608,5145
14,19607,5145
14,19607,5146
14,19605,5145
14,19608,5146
14,19609,5148
14,19606,5145
14,19609,5145
14,19609,5146
14,19604,5145
14,19604,5144
14,19605,5144
14,19606,5144
14,19607,5144
14,19608,5144
14,19609,5144
14,19604,5143
14,19605,5143
14,19605,5142
14,19606,5142
14,19607,5142
14,19608,5143
14,19609,5143
14,19610,5143
14,19610,5144
14,19610,5145
14,19606,5143
14,19610,5142
14,19608,5142
14,19609,5142
14,19607,5143
14,19611,5142
14,19611,5144
14,19611,5143
14,19611,5145
14,19606,5141
14,19607,5141
14,19608,5141
14,19609,5141
14,19610,5141
14,19611,5141
14,19612,5141
14,19612,5142
14,19612,5143
14,19612,5144
14,19608,5140
14,19609,5140
14,19610,5140
14,19611,5140
14,19613,5140
14,19612,5140
14,19613,5141
14,19613,5142
14,19613,5143
14,19614,5141
14,19614,5144
14,19614,5142
14,19614,5143
14,19615,5144
14,19613,5144
14,19615,5141
14,19615,5142
14,19615,5143
14,19616,5142
14,19616,5141
14,19616,5143
14,19617,5144
14,19617,5142
14,19617,5141
14,19617,5143
14,19616,5144
14,19618,5141
14,19618,5142
14,19618,5143
14,19618,5144
14,19615,5145
14,19614,5145
14,19619,5143
14,19613,5145
14,19616,5145
14,19619,5142
14,19618,5145
14,19617,5145
14,19619,5144
14,19614,5146
14,19615,5146
14,19616,5146
14,19617,5146
14,19619,5146
14,19619,5145
14,19618,5146
14,19618,5147
14,19614,5147
14,19615,5147
14,19617,5147
14,19619,5147
14,19616,5147
14,19614,5148
14,19615,5148
14,19617,5148
14,19619,5148
14,19616,5148
14,19618,5148
14,19617,5149
14,19619,5149
14,19614,5149
14,19618,5149
14,19615,5149
14,19616,5149
14,19617,5150
14,19618,5150
14,19614,5150
14,19615,5150
14,19616,5150
14,19619,5150
14,19615,5151
14,19616,5151
14,19617,5151
14,19618,5151
14,19619,5151
14,19614,5151
14,19618,5153
14,19618,5152
14,19617,5152
14,19617,5153
14,19619,5152
14,19616,5153
14,19619,5153
14,19614,5152
14,19615,5152
14,19616,5152
14,19615,5153
14,19614,5153
14,19617,5154
14,19618,5154
14,19615,5154
14,19616,5154
14,19614,5154
14,19613,5154
14,19613,5152
14,19613,5151
14,19613,5153
14,19618,5155
14,19617,5155
14,19613,5155
14,19614,5155
14,19616,5155
14,19615,5155
14,19612,5152
14,19612,5153
14,19612,5154
14,19612,5155
14,19612,5156
14,19613,5156
14,19614,5156
14,19615,5156
14,19616,5156
14,19617,5156
14,19612,5157
14,19613,5157
14,19614,5157
14,19615,5157
14,19616,5157
14,19617,5157
14,19611,5154
14,19611,5155
14,19611,5156
14,19611,5157
14,19611,5158
14,19612,5158
14,19613,5158
14,19614,5158
14,19615,5158
14,19616,5158
14,19610,5155
14,19610,5156
14,19610,5157
14,19610,5158
14,19609,5155
14,19609,5156
14,19609,5158
14,19609,5157
14,19609,5159
14,19614,5159
14,19610,5159
14,19609,5160
14,19611,5159
14,19613,5159
14,19611,5160
14,19610,5160
14,19612,5160
14,19612,5159
14,19614,5160
14,19613,5160
14,19609,5161
14,19610,5161
14,19611,5161
14,19612,5161
14,19613,5161
14,19614,5161
14,19609,5162
14,19610,5162
14,19611,5162
14,19612,5162
14,19613,5162
14,19614,5162
14,19609,5163
14,19610,5163
14,19611,5163
14,19612,5163
14,19613,5163
14,19614,5163
14,19611,5164
14,19612,5164
14,19613,5164
14,19614,5164
14,19609,5164
14,19610,5164
14,19613,5165
14,19614,5165
14,19609,5165
14,19611,5165
14,19612,5165
14,19610,5165
14,19612,5166
14,19613,5166
14,19609,5166
14,19610,5166
14,19611,5166
14,19614,5166
14,19613,5167
14,19609,5167
14,19610,5167
14,19611,5167
14,19612,5167
14,19614,5167
14,19609,5168
14,19610,5168
14,19613,5168
14,19614,5168
14,19611,5168
14,19612,5168
14,19613,5169
14,19614,5169
14,19610,5169
14,19611,5169
14,19612,5169
14,19609,5169
14,19614,5170
14,19609,5170
14,19610,5170
14,19611,5170
14,19613,5170
14,19612,5170
14,19613,5171
14,19614,5171
14,19610,5171
14,19609,5171
14,19612,5171
14,19611,5171
14,19612,5172
14,19613,5172
14,19614,5172
14,19609,5172
14,19611,5173
14,19611,5172
14,19610,5173
14,19612,5173
14,19613,5173
14,19614,5173
14,19609,5173
14,19610,5172
14,19610,5174
14,19611,5174
14,19612,5174
14,19613,5174
14,19614,5174
14,19609,5174
14,19610,5175
14,19609,5175
14,19612,5175
14,19613,5175
14,19614,5175
14,19611,5175
14,19609,5176
14,19611,5176
14,19612,5176
14,19614,5176
14,19613,5176
14,19610,5177
14,19611,5177
14,19610,5176
14,19612,5177
14,19613,5177
14,19614,5177
14,19609,5177
14,19609,5178
14,19610,5178
14,19611,5178
14,19612,5178
14,19613,5178
14,19614,5178
14,19609,5179
14,19610,5179
14,19613,5179
14,19614,5179
14,19611,5179
14,19612,5179
14,19609,5180
14,19610,5180
14,19611,5180
14,19612,5180
14,19613,5180
14,19614,5180
14,19609,5181
14,19610,5181
14,19611,5181
14,19612,5181
14,19614,5181
14,19613,5181
14,19609,5182
14,19610,5182
14,19611,5182
14,19613,5182
14,19612,5182
14,19614,5182
14,19609,5183
14,19610,5183
14,19611,5183
14,19612,5183
14,19613,5183
14,19614,5183
14,19609,5184
14,19610,5184
14,19611,5184
14,19612,5184
14,19613,5184
14,19614,5184
14,19609,5185
14,19610,5185
14,19611,5185
14,19612,5185
14,19613,5185
14,19614,5185
14,19609,5186
14,19612,5186
14,19611,5186
14,19613,5186
14,19614,5186
14,19610,5186
14,19611,5187
14,19610,5187
14,19609,5187
14,19612,5187
14,19613,5187
14,19614,5187
14,19611,5188
14,19612,5188
14,19609,5188
14,19610,5188
14,19614,5188
14,19613,5188
14,19609,5189
14,19610,5189
14,19612,5189
14,19613,5189
14,19611,5189
14,19614,5189
14,19610,5190
14,19609,5190
14,19612,5190
14,19611,5190
14,19613,5190
14,19614,5190
14,19609,5191
14,19609,5192
14,19610,5191
14,19611,5191
14,19612,5191
14,19613,5191
14,19610,5192
14,19611,5192
14,19612,5192
14,19613,5192
14,19614,5192
14,19614,5191
14,19609,5193
14,19610,5193
14,19611,5193
14,19612,5193
14,19613,5193
14,19614,5193
14,19609,5194
14,19610,5194
14,19614,5195
14,19611,5194
14,19614,5194
14,19613,5194
14,19612,5194
14,19609,5195
14,19610,5195
14,19611,5195
14,19612,5195
14,19613,5195
14,19615,5195
14,19615,5193
14,19615,5194
14,19611,5196
14,19615,5192
14,19614,5196
14,19615,5196
14,19610,5196
14,19613,5196
14,19612,5196
14,19614,5197
14,19615,5197
14,19611,5198
14,19612,5198
14,19613,5198
14,19614,5198
14,19613,5197
14,19610,5198
14,19615,5198
14,19610,5197
14,19611,5197
14,19612,5197
14,19611,5199
14,19615,5199
14,19614,5199
14,19612,5199
14,19613,5199
14,19610,5199
14,19611,5200
14,19612,5200
14,19610,5200
14,19613,5200
14,19614,5200
14,19615,5200
14,19610,5201
14,19612,5201
14,19615,5201
14,19614,5201
14,19613,5201
14,19611,5201
14,19610,5202
14,19611,5202
14,19612,5202
14,19613,5202
14,19614,5202
14,19615,5202
14,19610,5203
14,19611,5203
14,19612,5203
14,19613,5203
14,19614,5203
14,19615,5203
14,19610,5204
14,19611,5204
14,19612,5204
14,19613,5204
14,19614,5204
14,19615,5204
14,19610,5205
14,19611,5205
14,19612,5205
14,19613,5205
14,19614,5205
14,19615,5205
14,19610,5206
14,19611,5206
14,19612,5206
14,19613,5206
14,19614,5206
14,19615,5206
14,19610,5207
14,19611,5207
14,19612,5207
14,19613,5207
14,19614,5207
14,19611,5208
14,19610,5208
14,19613,5208
14,19612,5208
14,19614,5208
14,19615,5207
14,19615,5208
14,19610,5209
14,19611,5209
14,19612,5209
14,19613,5209
14,19614,5209
14,19615,5209
14,19611,5210
14,19610,5210
14,19614,5210
14,19612,5210
14,19613,5210
14,19615,5210
14,19609,5211
14,19610,5211
14,19611,5211
14,19609,5209
14,19612,5211
14,19613,5211
14,19609,5210
14,19614,5211
14,19609,5208
14,19610,5212
14,19609,5212
14,19611,5212
14,19612,5212
14,19613,5212
14,19614,5212
14,19614,5213
14,19613,5213
14,19609,5213
14,19610,5213
14,19611,5213
14,19612,5213
14,19609,5214
14,19610,5214
14,19614,5215
14,19612,5214
14,19613,5214
14,19610,5215
14,19611,5215
14,19611,5214
14,19613,5215
14,19614,5214
14,19609,5215
14,19612,5215
14,19610,5216
14,19611,5216
14,19612,5216
14,19613,5216
14,19614,5216
14,19609,5216
14,19613,5217
14,19615,5218
14,19615,5215
14,19615,5216
14,19615,5217
14,19611,5218
14,19613,5218
14,19612,5218
14,19614,5218
14,19614,5217
14,19609,5217
14,19610,5218
14,19611,5217
14,19612,5217
14,19610,5217
14,19610,5219
14,19613,5219
14,19611,5219
14,19612,5219
14,19614,5219
14,19615,5219
14,19610,5220
14,19611,5220
14,19613,5220
14,19612,5220
14,19614,5220
14,19615,5220
14,19610,5221
14,19611,5221
14,19614,5221
14,19613,5221
14,19615,5221
14,19612,5221
14,19610,5222
14,19612,5222
14,19611,5222
14,19614,5222
14,19615,5222
14,19613,5222
14,19612,5223
14,19614,5223
14,19611,5223
14,19613,5223
14,19610,5223
14,19615,5223
14,19610,5224
14,19611,5224
14,19612,5224
14,19613,5224
14,19614,5224
14,19615,5224
14,19611,5225
14,19610,5225
14,19612,5225
14,19614,5225
14,19613,5225
14,19610,5226
14,19615,5225
14,19611,5226
14,19612,5226
14,19613,5226
14,19614,5226
14,19615,5226
14,19610,5227
14,19611,5227
14,19613,5227
14,19612,5227
14,19614,5227
14,19615,5227
14,19613,5228
14,19611,5228
14,19612,5228
14,19614,5228
14,19610,5228
14,19613,5229
14,19614,5229
14,19609,5227
14,19609,5228
14,19609,5225
14,19612,5229
14,19611,5229
14,19610,5229
14,19609,5226
14,19609,5229
14,19612,5230
14,19614,5230
14,19609,5230
14,19610,5230
14,19611,5230
14,19613,5230
14,19611,5232
14,19610,5232
14,19613,5232
14,19612,5232
14,19611,5231
14,19608,5230
14,19612,5231
14,19608,5229
14,19608,5227
14,19610,5231
14,19609,5231
14,19608,5228
14,19608,5231
14,19609,5232
14,19613,5231
14,19608,5232
14,19608,5233
14,19609,5233
14,19610,5233
14,19612,5233
14,19607,5233
14,19607,5230
14,19607,5231
14,19607,5232
14,19611,5233
14,19609,5234
14,19611,5234
14,19610,5234
14,19607,5234
14,19608,5234
14,19612,5234
14,19610,5236
14,19611,5236
14,19612,5236
14,19612,5235
14,19609,5235
14,19610,5235
14,19611,5235
14,19608,5235
14,19609,5236
14,19607,5236
14,19607,5235
14,19608,5236
14,19609,5237
14,19612,5237
14,19610,5237
14,19611,5237
14,19608,5237
14,19607,5237
14,19607,5238
14,19609,5238
14,19608,5238
14,19610,5238
14,19611,5238
14,19612,5238
14,19609,5239
14,19608,5239
14,19610,5239
14,19611,5239
14,19612,5239
14,19607,5239
14,19607,5240
14,19608,5240
14,19610,5240
14,19609,5240
14,19611,5240
14,19612,5240
14,19607,5241
14,19608,5241
14,19609,5241
14,19610,5241
14,19612,5241
14,19611,5241
14,19608,5242
14,19607,5242
14,19609,5242
14,19611,5242
14,19610,5242
14,19612,5242
14,19607,5243
14,19608,5243
14,19610,5243
14,19611,5243
14,19612,5243
14,19609,5243
14,19607,5244
14,19608,5244
14,19611,5244
14,19607,5245
14,19612,5244
14,19610,5245
14,19608,5245
14,19609,5245
14,19610,5244
14,19611,5245
14,19612,5245
14,19609,5244
14,19608,5246
14,19609,5246
14,19607,5246
14,19612,5246
14,19610,5246
14,19611,5246
14,19612,5247
14,19611,5247
14,19611,5248
14,19610,5248
14,19612,5248
14,19610,5247
14,19609,5248
14,19609,5247
14,19608,5247
14,19607,5248
14,19607,5247
14,19608,5248
14,19611,5249
14,19612,5249
14,19610,5249
14,19607,5249
14,19609,5249
14,19608,5249
14,19611,5250
14,19612,5250
14,19607,5250
14,19609,5250
14,19608,5250
14,19610,5250
14,19612,5251
14,19607,5251
14,19609,5251
14,19610,5251
14,19608,5251
14,19611,5251
14,19609,5252
14,19608,5253
14,19609,5253
14,19610,5252
14,19611,5252
14,19611,5253
14,19610,5253
14,19612,5253
14,19612,5252
14,19607,5252
14,19608,5252
14,19607,5253
14,19607,5254
14,19609,5254
14,19610,5254
14,19611,5254
14,19612,5254
14,19608,5254
14,19608,5255
14,19607,5255
14,19612,5256
14,19610,5255
14,19611,5255
14,19612,5255
14,19609,5256
14,19607,5256
14,19608,5256
14,19610,5256
14,19609,5255
14,19611,5256
14,19606,5257
14,19607,5257
14,19608,5257
14,19610,5257
14,19609,5257
14,19611,5257
14,19606,5256
14,19606,5254
14,19606,5253
14,19606,5255
14,19606,5258
14,19607,5258
14,19608,5258
14,19609,5258
14,19610,5258
14,19611,5258
14,19606,5259
14,19607,5259
14,19608,5259
14,19609,5259
14,19610,5259
14,19611,5259
14,19606,5260
14,19607,5260
14,19609,5260
14,19608,5260
14,19611,5260
14,19610,5260
14,19606,5261
14,19607,5261
14,19608,5261
14,19609,5261
14,19610,5261
14,19611,5261
14,19606,5262
14,19607,5262
14,19608,5262
14,19609,5262
14,19610,5262
14,19611,5262
14,19605,5263
14,19605,5260
14,19605,5261
14,19606,5263
14,19605,5262
14,19607,5263
14,19609,5263
14,19608,5263
14,19610,5263
14,19605,5264
14,19606,5264
14,19607,5264
14,19609,5264
14,19608,5264
14,19610,5264
14,19605,5265
14,19606,5265
14,19607,5265
14,19608,5265
14,19609,5265
14,19610,5265
14,19605,5266
14,19606,5266
14,19607,5266
14,19608,5266
14,19609,5266
14,19610,5266
14,19605,5267
14,19606,5267
14,19607,5267
14,19608,5267
14,19609,5267
14,19610,5267
14,19606,5268
14,19605,5268
14,19607,5268
14,19609,5268
14,19610,5268
14,19608,5268
14,19606,5269
14,19607,5269
14,19608,5269
14,19609,5269
14,19610,5269
14,19605,5269
14,19606,5270
14,19607,5270
14,19608,5270
14,19609,5270
14,19610,5270
14,19605,5270
14,19606,5271
14,19605,5271
14,19607,5271
14,19608,5271
14,19609,5271
14,19610,5271
14,19608,5272
14,19610,5272
14,19605,5272
14,19607,5272
14,19609,5272
14,19610,5273
14,19607,5273
14,19606,5273
14,19608,5273
14,19605,5273
14,19606,5272
14,19609,5273
14,19606,5274
14,19611,5273
14,19611,5272
14,19607,5274
14,19608,5274
14,19610,5274
14,19611,5270
14,19609,5274
14,19611,5271
14,19611,5274
14,19607,5275
14,19606,5275
14,19608,5275
14,19609,5275
14,19610,5275
14,19611,5275
14,19609,5276
14,19610,5276
14,19606,5276
14,19607,5276
14,19608,5276
14,19605,5274
14,19605,5275
14,19605,5276
14,19605,5277
14,19606,5277
14,19607,5277
14,19608,5277
14,19609,5277
14,19610,5277
14,19605,5278
14,19606,5278
14,19608,5278
14,19607,5278
14,19609,5278
14,19604,5278
14,19604,5275
14,19604,5276
14,19604,5277
15,39213,10552
15,39214,10554
15,39213,10554
15,39213,10553
15,39214,10555
15,39212,10552
15,39212,10554
15,39214,10552
15,39212,10553
15,39214,10553
15,39216,10552
15,39215,10554
15,39211,10553
15,39211,10552
15,39215,10555
15,39216,10555
15,39216,10554
15,39215,10553
15,39211,10554
15,39212,10555
15,39213,10555
15,39215,10552
15,39216,10553
15,39211,10555
15,39216,10557
15,39211,10557
15,39215,10557
15,39211,10556
15,39214,10556
15,39215,10556
15,39212,10556
15,39216,10556
15,39212,10557
15,39213,10556
15,39213,10557
15,39214,10557
15,39212,10558
15,39213,10558
15,39211,10558
15,39210,10555
15,39210,10556
15,39210,10558
15,39210,10557
15,39215,10558
15,39214,10558
15,39212,10559
15,39211,10559
15,39210,10559
15,39214,10559
15,39215,10559
15,39213,10559
15,39212,10560
15,39215,10560
15,39210,10560
15,39211,10560
15,39213,10560
15,39214,10560
15,39215,10561
15,39210,10561
15,39211,10561
15,39213,10561
15,39214,10561
15,39212,10561
15,39212,10562
15,39210,10562
15,39211,10562
15,39213,10562
15,39215,10562
15,39214,10562
15,39211,10563
15,39215,10564
15,39211,10564
15,39214,10564
15,39212,10563
15,39215,10563
15,39212,10564
15,39210,10563
15,39214,10563
15,39210,10564
15,39213,10563
15,39213,10564
15,39210,10565
15,39214,10565
15,39212,10565
15,39209,10562
15,39209,10561
15,39209,10564
15,39209,10563
15,39211,10565
15,39209,10565
15,39213,10565
15,39213,10566
15,39209,10566
15,39212,10566
15,39211,10566
15,39210,10566
15,39214,10566
15,39214,10567
15,39209,10568
15,39214,10568
15,39210,10568
15,39212,10568
15,39211,10568
15,39213,10568
15,39208,10568
15,39208,10566
15,39208,10565
15,39208,10567
15,39209,10569
15,39213,10569
15,39208,10569
15,39212,10569
15,39213,10567
15,39211,10569
15,39210,10569
15,39211,10567
15,39210,10567
15,39212,10567
15,39209,10567
15,39210,10570
15,39209,10570
15,39208,10570
15,39213,10570
15,39212,10570
15,39211,10570
15,39212,10571
15,39208,10571
15,39211,10571
15,39210,10571
15,39213,10571
15,39209,10571
15,39209,10572
15,39210,10572
15,39208,10572
15,39211,10572
15,39212,10572
15,39213,10572
15,39213,10573
15,39208,10573
15,39211,10573
15,39210,10573
15,39212,10573
15,39209,10573
15,39211,10574
15,39212,10574
15,39210,10574
15,39208,10574
15,39209,10574
15,39213,10574
15,39207,10571
15,39207,10573
15,39207,10572
15,39206,10574
15,39206,10572
15,39206,10573
15,39207,10574
15,39206,10571
15,39205,10572
15,39205,10571
15,39205,10573
15,39207,10570
15,39205,10570
15,39204,10573
15,39204,10571
15,39206,10570
15,39204,10572
15,39204,10570
15,39203,10571
15,39203,10570
15,39203,10573
15,39203,10572
15,39205,10569
15,39203,10569
15,39202,10571
15,39204,10569
15,39207,10569
15,39206,10569
15,39202,10569
15,39202,10572
15,39202,10570
15,39205,10568
15,39204,10568
15,39206,10568
15,39202,10568
15,39203,10568
15,39201,10571
15,39201,10569
15,39201,10570
15,39201,10568
15,39200,10568
15,39200,10569
15,39200,10571
15,39199,10568
15,39200,10570
15,39199,10569
15,39199,10570
15,39199,10567
15,39204,10567
15,39200,10567
15,39202,10567
15,39203,10567
15,39201,10567
15,39203,10566
15,39201,10566
15,39198,10569
15,39202,10566
15,39198,10570
15,39198,10567
15,39198,10568
15,39199,10566
15,39200,10566
15,39198,10566
15,39197,10565
15,39201,10565
15,39198,10565
15,39197,10567
15,39197,10568
15,39197,10566
15,39197,10569
15,39196,10567
15,39196,10565
15,39200,10565
15,39196,10566
15,39196,10568
15,39199,10565
15,39199,10564
15,39195,10564
15,39197,10564
15,39195,10566
15,39195,10567
15,39196,10564
15,39198,10564
15,39200,10564
15,39195,10565
15,39198,10563
15,39196,10562
15,39195,10563
15,39194,10563
15,39197,10563
15,39199,10562
15,39198,10562
15,39194,10564
15,39194,10562
15,39199,10563
15,39196,10563
15,39194,10565
15,39197,10562
15,39195,10562
15,39194,10566
15,39200,10563
16,78394,21130
16,78394,21131
16,78395,21130
16,78393,21131
16,78394,21129
16,78395,21129
16,78394,21132
16,78396,21129
16,78396,21131
16,78393,21130
16,78397,21130
16,78396,21130
16,78397,21131
16,78392,21130
16,78397,21129
16,78392,21132
16,78393,21129
16,78395,21131
16,78397,21132
16,78393,21132
16,78392,21131
16,78395,21132
16,78392,21129
16,78396,21132
17,156788,42262
17,156789,42261
17,156791,42262
17,156787,42262
17,156791,42261
17,156787,42261
17,156786,42261
17,156787,42263
17,156790,42261
17,156790,42263
17,156788,42261
17,156789,42262
17,156791,42260
17,156786,42260
17,156789,42260
17,156788,42260
17,156791,42263
17,156792,42262
17,156790,42260
17,156792,42261
17,156792,42260
17,156786,42262
17,156789,42263
17,156790,42262
17,156787,42260
17,156787,42259
17,156790,42259
17,156792,42259
17,156788,42259
17,156789,42259
17,156791,42259
17,156786,42263
17,156788,42263
17,156790,42258
17,156789,42258
17,156786,42258
17,156786,42261
17,156786,42259
17,156788,42258
17,156791,42258
17,156786,42260
17,156787,42258
17,156790,42257
17,156788,42256
17,156786,42256
17,156788,42257
17,156790,42256
17,156791,42257
17,156787,42257
17,156789,42257
17,156788,42255
17,156791,42256
17,156789,42256
17,156787,42256
17,156792,42257
17,156786,42255
17,156792,42255
17,156792,42256
17,156787,42255
17,156791,42255
17,156789,42255
17,156786,42257
17,156790,42255
17,156792,42254
17,156790,42254
17,156791,42254
17,156787,42254
17,156788,42254
17,156789,42254
17,156791,42253
17,156787,42253
17,156792,42253
17,156791,42252
17,156790,42252
17,156787,42252
17,156792,42252
17,156789,42253
17,156792,42250
17,156790,42253
17,156788,42251
17,156788,42252
17,156790,42250
17,156789,42249
17,156790,42249
17,156787,42251
17,156788,42249
17,156790,42251
17,156791,42251
17,156792,42251
17,156791,42248
17,156788,42247
17,156788,42248
17,156791,42250
17,156787,42247
17,156788,42250
17,156789,42252
17,156789,42247
17,156791,42247
17,156788,42253
17,156789,42248
17,156787,42248
17,156787,42250
17,156789,42251
17,156791,42246
17,156789,42246
17,156790,42246
17,156789,42250
17,156788,42246
17,156787,42246
17,156787,42249
17,156792,42247
17,156792,42243
17,156792,42244
17,156788,42243
17,156792,42248
17,156791,42249
17,156788,42244
17,156792,42246
17,156789,42243
17,156790,42248
17,156792,42249
17,156790,42247
17,156792,42245
17,156791,42243
17,156790,42243
17,156787,42245
17,156788,42245
17,156787,42244
17,156789,42245
17,156790,42244
17,156787,42243
17,156790,42245
17,156789,42244
17,156791,42244
17,156791,42245
17,156788,42241
17,156787,42241
17,156792,42242
17,156792,42241
17,156790,42241
17,156791,42242
17,156787,42242
17,156788,42242
17,156791,42241
17,156789,42241
17,156789,42242
17,156790,42242
18,313576,84482
18,313581,84483
18,313576,84483
18,313576,84485
18,313579,84484
18,313579,84483
18,313578,84482
18,313577,84483
18,313578,84484
18,313578,84483
18,313580,84484
18,313579,84482
18,313577,84482
18,313579,84485
18,313578,84485
18,313580,84483
18,313576,84484
18,313577,84484
18,313580,84482
18,313577,84485
18,313581,84484
18,313581,84482
18,313581,84485
18,313580,84485
19,627156,168968
19,627160,168968
19,627161,168969
19,627157,168969
19,627159,168969
19,627160,168969
19,627160,168967
19,627160,168966
19,627158,168968
19,627161,168966
19,627161,168968
19,627156,168969
19,627158,168969
19,627161,168967
19,627156,168966
19,627159,168967
19,627157,168967
19,627157,168968
19,627157,168966
19,627158,168966
19,627159,168968
19,627156,168967
19,627159,168966
19,627158,168967
19,627160,168965
19,627162,168968
19,627156,168965
19,627159,168965
19,627162,168965
19,627157,168964
19,627162,168967
19,627158,168963
19,627161,168964
19,627162,168966
19,627163,168965
19,627159,168964
19,627158,168965
19,627160,168964
19,627163,168966
19,627163,168967
19,627159,168963
19,627163,168963
19,627160,168963
19,627162,168964
19,627161,168965
19,627163,168964
19,627157,168965
19,627158,168964
19,627162,168963
19,627164,168965
19,627164,168964
19,627161,168963
19,627159,168962
19,627164,168962
19,627162,168962
19,627163,168962
19,627161,168962
19,627164,168963
19,627160,168962
19,627159,168961
19,627163,168961
19,627161,168961
19,627160,168961
19,627164,168960
19,627162,168961
19,627164,168961
19,627158,168959
19,627163,168960
19,627159,168960
19,627158,168961
19,627162,168960
19,627158,168962
19,627158,168960
19,627161,168960
19,627160,168960
19,627159,168959
19,627161,168959
19,627162,168959
19,627163,168959
19,627160,168959
19,627162,168958
19,627163,168958
19,627159,168957
19,627161,168957
19,627158,168958
19,627159,168958
19,627160,168958
19,627162,168957
19,627160,168957
19,627163,168957
19,627158,168957
19,627161,168958
19,627156,168958
19,627155,168960
19,627155,168959
19,627157,168957
19,627157,168958
19,627157,168960
19,627155,168957
19,627156,168960
19,627156,168957
19,627156,168959
19,627157,168959
19,627155,168958
19,627156,168961
19,627155,168961
19,627157,168961
19,627154,168959
19,627154,168958
19,627153,168959
19,627154,168961
19,627153,168958
19,627153,168960
19,627153,168961
19,627154,168960
19,627152,168959
19,627152,168960
19,627152,168958
19,627152,168961
19,627151,168960
19,627151,168958
19,627151,168961
19,627151,168959
20,1254308,337918
20,1254308,337919
20,1254307,337919
20,1254308,337920
20,1254309,337919
20,1254309,337921
20,1254310,337920
20,1254306,337919
20,1254307,337920
20,1254309,337920
20,1254310,337918
20,1254307,337921
20,1254309,337918
20,1254306,337921
20,1254310,337919
20,1254306,337920
20,1254308,337921
20,1254305,337919
20,1254306,337918
20,1254307,337918
20,1254305,337918
20,1254304,337921
20,1254310,337921
20,1254305,337920
20,1254305,337921
20,1254304,337918
20,1254304,337919
20,1254304,337920
20,1254303,337920
20,1254304,337922
20,1254303,337918
20,1254303,337919
20,1254302,337918
20,1254303,337922
20,1254307,337922
20,1254302,337920
20,1254302,337919
20,1254306,337922
20,1254305,337922
20,1254302,337922
20,1254303,337921
20,1254302,337921
21,2508613,675842
21,2508613,675841
21,2508610,675841
21,2508612,675839
21,2508610,675839
21,2508609,675839
21,2508609,675842
21,2508611,675839
21,2508613,675839
21,2508608,675839
21,2508612,675841
21,2508612,675840
21,2508611,675840
21,2508609,675841
21,2508608,675840
21,2508612,675842
21,2508608,675841
21,2508610,675838
21,2508611,675842
21,2508610,675842
21,2508611,675841
21,2508613,675840
21,2508614,675838
21,2508609,675838
21,2508614,675841
21,2508614,675839
21,2508613,675838
21,2508608,675842
21,2508609,675840
21,2508610,675840
21,2508614,675840
21,2508612,675838
21,2508608,675838
21,2508611,675838
20,1254303,337919
20,1254304,337920
20,1254304,337919
20,1254303,337921
20,1254305,337918
20,1254305,337921
20,1254303,337918
20,1254303,337920
20,1254304,337918
19,627150,168960
19,627150,168959
19,627150,168958
18,313577,84481
18,313578,84480
18,313575,84478
18,313574,84479
18,313574,84481
18,313576,84481
18,313575,84479
18,313577,84480
18,313576,84479
18,313575,84480
18,313576,84480
18,313576,84478
19,627150,168961
18,313575,84481
18,313574,84480
18,313578,84479
18,313577,84478
18,313577,84479
18,313578,84481
18,313579,84478
18,313579,84480
18,313579,84479
18,313578,84478
18,313579,84481
18,313574,84478
17,156789,42240
17,156787,42239
17,156788,42240
17,156789,42238
17,156788,42238
17,156786,42239
17,156787,42241
17,156788,42239
17,156786,42238
17,156790,42239
17,156789,42239
17,156786,42240
17,156788,42241
17,156787,42238
17,156790,42240
17,156790,42238
17,156787,42240
17,156785,42240
17,156790,42241
17,156789,42241
17,156786,42241
17,156785,42239
17,156785,42241
17,156785,42238
16,78393,21120
16,78394,21119
16,78394,21120
16,78395,21119
16,78393,21119
16,78394,21121
16,78395,21120
16,78392,21120
16,78392,21119
16,78395,21121
16,78391,21120
16,78394,21122
16,78393,21121
16,78392,21121
16,78393,21122
16,78396,21119
16,78396,21122
16,78396,21120
16,78396,21121
16,78395,21122
16,78392,21122
16,78391,21121
16,78391,21122
16,78391,21119
16,78396,21118
16,78397,21119
16,78395,21118
16,78393,21118
16,78397,21120
16,78397,21118
16,78397,21121
16,78392,21118
16,78394,21118
16,78394,21117
16,78396,21117
16,78397,21117
16,78392,21117
16,78393,21117
16,78395,21117
15,39198,10558
15,39197,10560
15,39195,10558
15,39197,10559
15,39198,10559
15,39197,10558
15,39196,10559
15,39195,10561
15,39195,10559
15,39200,10559
15,39195,10560
15,39197,10561
15,39196,10558
15,39199,10558
15,39200,10558
15,39196,10560
15,39200,10561
15,39199,10559
15,39196,10561
15,39199,10560
15,39198,10561
15,39199,10561
15,39200,10560
15,39198,10560
15,39199,10557
15,39197,10557
15,39198,10557
15,39195,10557
15,39200,10557
15,39196,10557
14,19599,5279
14,19598,5279
14,19599,5278
14,19598,5278
14,19599,5280
14,19598,5280
14,19600,5279
14,19600,5278
14,19597,5279
14,19597,5278
14,19600,5280
14,19599,5281
14,19598,5281
14,19601,5279
14,19601,5278
14,19600,5281
14,19596,5279
14,19601,5280
14,19597,5281
14,19597,5280
14,19596,5278
14,19596,5280
14,19601,5281
14,19596,5281
13,9799,2639
13,9800,2639
13,9799,2640
13,9800,2640
13,9799,2638
13,9801,2639
13,9801,2640
13,9798,2639
13,9800,2638
13,9798,2640
13,9799,2641
13,9802,2639
13,9801,2641
13,9800,2641
13,9801,2638
13,9802,2638
13,9802,2640
13,9802,2641
13,9798,2638
13,9798,2641
13,9797,2641
13,9797,2639
13,9797,2640
13,9797,2638
12,4900,1320
12,4901,1319
12,4900,1319
12,4901,1320
12,4901,1318
12,4899,1319
12,4899,1320
12,4900,1321
12,4900,1318
12,4899,1318
12,4901,1321
12,4898,1319
12,4902,1320
12,4898,1320
12,4902,1318
12,4899,1321
12,4902,1321
12,4902,1319
12,4898,1321
12,4897,1319
12,4898,1318
12,4897,1318
12,4897,1320
12,4897,1321
12,4901,1317
12,4902,1317
12,4903,1318
12,4903,1319
12,4903,1320
12,4903,1317
12,4900,1317
12,4898,1317
12,4899,1317
11,2450,661
11,2451,661
11,2448,659
11,2448,658
11,2453,659
11,2449,661
11,2453,658
11,2448,660
11,2452,661
11,2453,660
11,2450,660
11,2450,659
11,2453,661
11,2450,658
11,2448,661
11,2449,659
11,2451,658
11,2451,659
11,2451,660
11,2449,658
11,2452,659
11,2452,658
11,2449,660
11,2452,660
11,2448,657
11,2449,657
11,2450,657
11,2451,657
11,2452,657
11,2447,657
11,2447,658
11,2447,659
11,2447,660
11,2446,657
11,2446,658
11,2446,659
11,2446,660
11,2446,656
11,2447,656
11,2448,656
11,2449,656
11,2450,656
11,2451,656
11,2446,655
11,2447,655
11,2448,655
11,2449,655
11,2450,655
11,2451,655
11,2447,654
11,2446,654
11,2448,654
11,2449,654
11,2450,654
11,2451,654
11,2446,653
11,2447,653
11,2448,653
11,2449,653
11,2450,653
11,2451,653
11,2446,652
11,2447,652
11,2448,652
11,2449,652
11,2450,652
11,2451,652
11,2446,651
11,2447,651
11,2448,651
11,2449,651
11,2450,651
11,2451,651
11,2446,650
11,2449,650
11,2451,650
11,2447,650
11,2450,650
11,2448,650
11,2446,649
11,2452,650
11,2452,651
11,2452,652
11,2451,649
11,2452,649
11,2447,649
11,2448,649
11,2449,649
11,2450,649
10,1222,324
10,1222,325
10,1222,326
10,1223,324
10,1225,325
10,1226,325
10,1224,326
10,1225,324
10,1223,325
10,1225,326
10,1224,325
10,1224,324
10,1226,324
10,1227,324
10,1227,326
10,1226,326
10,1224,327
10,1225,327
10,1222,327
10,1223,327
10,1226,327
10,1227,325
10,1223,326
10,1227,327
10,1229,326
10,1228,326
10,1228,324
10,1229,325
10,1228,325
10,1228,323
10,1229,323
10,1227,323
10,1224,323
10,1225,323
10,1226,323
10,1229,324
10,1230,323
10,1230,324
10,1230,325
10,1230,322
10,1231,322
10,1229,322
10,1231,324
10,1231,323
10,1231,325
10,1227,322
10,1228,322
10,1226,322
10,1225,322
9,615,161
9,615,162
9,615,160
9,615,163
9,614,160
9,614,163
9,611,161
9,612,160
9,613,160
9,611,160
9,614,161
9,614,162
9,613,161
9,613,162
9,612,161
9,613,163
9,611,162
9,612,162
9,612,163
9,611,163
9,616,162
9,616,160
9,616,163
9,616,161
9,617,160
9,617,161
9,617,163
9,617,162
9,614,164
9,615,164
9,612,164
9,613,164
9,616,164
8,307,82
9,617,164
8,307,80
8,307,81
8,304,81
8,304,80
8,304,82
8,305,80
8,305,81
8,306,81
8,306,80
8,308,81
8,306,82
8,305,82
8,309,82
8,309,79
8,304,79
8,307,83
8,308,80
8,308,83
8,304,83
8,308,82
7,152,40
8,305,83
8,309,80
8,307,79
7,153,42
8,306,83
7,152,41
8,309,81
7,153,41
8,305,79
7,153,40
7,152,42
8,306,79
7,154,40
8,308,79
7,153,43
7,152,43
8,309,83
7,152,39
7,154,42
6,76,20
7,151,40
7,155,42
7,155,40
7,154,39
7,151,39
7,154,41
7,156,41
7,153,39
7,155,39
7,156,40
7,155,41
6,76,21
7,151,42
7,154,43
7,151,41
7,156,39
7,156,42
6,75,21
6,77,21
7,156,43
6,78,20
6,77,22
6,79,20
7,155,43
6,77,20
6,78,22
7,151,43
6,74,21
6,75,20
6,76,22
6,74,22
6,75,19
6,77,19
6,74,20
6,78,19
6,79,22
6,75,22
6,78,21
6,74,19
6,79,19
6,79,21
5,38,10
6,76,19
5,39,11
5,38,11
5,39,10
5,39,9
5,37,9
5,40,10
5,36,10
5,37,11
5,41,11
5,36,12
5,36,9
5,37,10
5,38,12
5,36,11
5,38,9
5,37,12
5,39,12
5,40,11
5,40,12
6,77,20
5,41,9
5,41,12
6,78,21
8,304,85
8,306,86
8,307,85
5,41,10
8,306,84
8,307,86
8,304,86
8,307,84
6,77,19
8,306,85
8,304,84
8,305,84
8,305,85
5,40,9
8,305,86
8,306,83
7,154,42
8,305,83
8,304,83
6,79,22
6,74,19
6,79,19
7,154,43
6,75,19
7,154,41
9,613,169
6,78,19
5,39,12
9,613,170
9,613,171
9,609,171
9,614,171
9,614,169
6,76,22
9,614,170
9,614,168
6,75,22
9,609,170
7,155,41
9,613,168
9,611,169
7,151,43
6,79,21
9,609,169
7,151,44
9,611,168
7,152,44
9,612,168
6,76,19
9,612,169
7,151,42
9,612,171
9,612,170
6,74,20
8,303,84
9,610,171
9,610,169
9,610,168
9,611,170
7,155,42
9,610,170
6,75,20
8,303,86
9,611,171
7,150,42
9,609,168
7,155,43
7,155,44
8,308,84
7,150,43
8,303,83
7,154,44
7,151,41
7,150,44
7,150,41
7,153,44
8,308,86
8,308,85
8,303,85
9,614,167
9,610,167
9,609,167
9,613,167
9,611,167
10,1225,337
10,1225,338
10,1225,336
9,612,167
10,1225,339
10,1221,338
10,1222,339
10,1222,336
10,1224,337
10,1220,338
10,1221,339
10,1223,338
10,1220,336
10,1220,337
10,1223,336
10,1221,336
10,1224,338
10,1223,339
10,1224,336
10,1224,339
10,1220,339
10,1222,338
10,1221,337
10,1223,337
10,1222,337
10,1223,335
10,1219,336
10,1219,337
10,1219,335
10,1219,338
10,1220,335
10,1221,335
10,1222,335
10,1224,335
10,1219,334
10,1220,334
10,1221,334
10,1222,334
10,1223,334
10,1224,334
11,2443,671
11,2443,672
11,2442,671
11,2443,670
11,2442,672
11,2442,670
11,2444,671
11,2441,671
11,2444,672
11,2444,670
11,2441,672
11,2443,673
11,2441,670
11,2442,673
11,2444,673
11,2445,671
11,2441,673
11,2445,672
11,2445,670
11,2440,670
11,2440,671
11,2440,673
11,2445,673
11,2440,672
11,2440,669
11,2441,669
11,2442,669
11,2443,669
11,2444,669
11,2445,669
11,2443,668
11,2444,668
11,2440,668
11,2442,668
11,2441,668
11,2445,668
11,2440,667
11,2442,667
11,2443,667
11,2444,667
11,2445,667
11,2441,667
11,2440,666
11,2441,666
11,2442,666
11,2443,666
11,2444,666
11,2445,666
11,2443,665
11,2444,665
11,2441,665
11,2442,665
11,2445,665
11,2440,665
11,2439,663
11,2440,663
11,2439,664
11,2439,665
11,2440,664
11,2441,664
11,2442,664
11,2443,664
11,2444,664
11,2441,663
11,2442,663
11,2443,663
11,2444,663
11,2439,666
11,2440,662
11,2441,662
11,2445,662
11,2445,664
11,2445,663
11,2445,665
11,2444,662
11,2443,662
11,2442,662
12,4882,1324
12,4882,1325
12,4883,1324
12,4882,1326
12,4883,1327
12,4885,1327
12,4887,1326
12,4884,1326
12,4885,1326
12,4886,1326
12,4887,1327
12,4883,1325
12,4886,1327
12,4886,1324
12,4884,1327
12,4884,1325
12,4885,1325
12,4885,1324
12,4884,1324
12,4886,1325
12,4887,1325
12,4887,1324
12,4883,1326
12,4882,1327
13,9765,2651
13,9766,2652
13,9766,2651
13,9765,2652
13,9766,2653
13,9768,2654
13,9767,2654
13,9770,2652
13,9770,2651
13,9769,2654
13,9769,2653
13,9770,2653
13,9770,2654
13,9766,2654
13,9768,2653
13,9769,2652
13,9765,2654
13,9769,2651
13,9765,2653
13,9768,2652
13,9768,2651
13,9767,2651
13,9767,2652
13,9767,2653
13,9771,2651
13,9771,2653
13,9771,2652
13,9771,2654
13,9772,2651
13,9772,2652
13,9772,2653
13,9772,2654
14,19539,5304
14,19539,5303
14,19538,5304
14,19540,5304
14,19539,5305
14,19538,5303
14,19538,5305
14,19540,5303
14,19540,5305
14,19537,5304
14,19541,5304
14,19537,5303
14,19541,5303
14,19538,5306
14,19539,5306
14,19541,5305
14,19537,5305
14,19537,5306
14,19542,5304
14,19540,5306
14,19541,5306
14,19542,5306
14,19542,5303
14,19542,5305
14,19543,5303
14,19543,5304
14,19543,5305
14,19543,5306
14,19544,5303
14,19544,5304
14,19544,5305
14,19544,5306
14,19539,5307
14,19540,5307
14,19541,5307
14,19543,5307
14,19542,5307
14,19544,5307
14,19545,5304
14,19545,5305
14,19545,5306
14,19545,5307
14,19543,5308
14,19542,5308
14,19544,5308
14,19541,5308
14,19545,5308
14,19540,5308
14,19542,5309
14,19543,5309
14,19541,5309
14,19544,5309
14,19545,5309
14,19540,5309
14,19544,5310
14,19540,5310
14,19542,5310
14,19545,5310
14,19543,5310
14,19541,5310
14,19541,5311
14,19543,5311
14,19542,5311
14,19544,5311
14,19545,5311
14,19540,5311
14,19541,5312
14,19544,5312
14,19540,5312
14,19542,5312
14,19543,5312
14,19545,5312
14,19540,5313
14,19543,5313
14,19541,5313
14,19542,5313
14,19544,5313
14,19545,5313
15,39084,10624
15,39083,10623
15,39086,10622
15,39083,10622
15,39085,10624
15,39085,10623
15,39086,10624
15,39084,10622
15,39085,10621
15,39084,10621
15,39087,10623
15,39083,10624
15,39086,10623
15,39082,10623
15,39087,10622
15,39083,10621
15,39086,10621
15,39082,10622
15,39087,10624
15,39084,10623
15,39085,10622
15,39082,10624
15,39082,10621
15,39087,10621
15,39085,10625
15,39081,10623
15,39080,10625
15,39083,10625
15,39081,10625
15,39081,10622
15,39084,10625
15,39080,10624
15,39086,10625
15,39080,10622
15,39081,10624
15,39082,10625
15,39080,10623
16,78165,21247
16,78164,21248
16,78166,21246
16,78167,21247
16,78164,21246
16,78166,21248
16,78167,21249
16,78163,21246
16,78167,21248
16,78167,21246
16,78165,21248
16,78164,21247
16,78166,21247
16,78165,21249
16,78168,21247
16,78165,21246
16,78164,21249
16,78163,21249
16,78166,21249
16,78163,21248
16,78163,21247
16,78168,21248
16,78168,21246
16,78162,21249
16,78161,21249
16,78162,21247
16,78161,21248
16,78162,21248
16,78168,21249
16,78161,21246
16,78161,21247
16,78162,21246
